{
	"component": {
		"id": "",
		"key": "",
		"name": "",
		"qualifier": "TRK",
		"measures": [
			{
				"metric": "vulnerabilities",
				"value": "0",
				"periods": [
					{
						"index": 1,
						"value": "0",
						"bestValue": true
					}
				],
				"bestValue": true
			},
			{
				"metric": "new_duplicated_blocks",
				"periods": [
					{
						"index": 1,
						"value": "0",
						"bestValue": true
					}
				]
			},
			{
				"metric": "coverage",
				"value": "0.0",
				"periods": [
					{
						"index": 1,
						"value": "0.0",
						"bestValue": false
					}
				],
				"bestValue": false
			},
			{
				"metric": "duplicated_blocks",
				"value": "717",
				"periods": [
					{
						"index": 1,
						"value": "0",
						"bestValue": true
					}
				],
				"bestValue": false
			},
			{
				"metric": "complexity",
				"value": "4816",
				"periods": [
					{
						"index": 1,
						"value": "0"
					}
				]
			},
			{
				"metric": "new_code_smells",
				"periods": [
					{
						"index": 1,
						"value": "0",
						"bestValue": true
					}
				]
			},
			{
				"metric": "ncloc",
				"value": "22633",
				"periods": [
					{
						"index": 1,
						"value": "0"
					}
				]
			},
			{
				"metric": "bugs",
				"value": "0",
				"periods": [
					{
						"index": 1,
						"value": "0",
						"bestValue": true
					}
				],
				"bestValue": true
			},
			{
				"metric": "new_bugs",
				"periods": [
					{
						"index": 1,
						"value": "0",
						"bestValue": true
					}
				]
			},
			{
				"metric": "new_vulnerabilities",
				"periods": [
					{
						"index": 1,
						"value": "0",
						"bestValue": true
					}
				]
			},
			{
				"metric": "SMELL_DEBT",
				"value": "0",
				"periods": [
					{
						"index": 1,
						"value": "0",
						"bestValue": true
					}
				],
				"bestValue": true
			},
			{
				"metric": "duplicated_lines_density",
				"value": "34.5",
				"periods": [
					{
						"index": 1,
						"value": "0.0",
						"bestValue": true
					}
				],
				"bestValue": false
			},
			{
				"metric": "new_technical_debt",
				"periods": [
					{
						"index": 1,
						"value": "0",
						"bestValue": true
					}
				]
			},
			{
				"metric": "code_smells",
				"value": "1738",
				"periods": [
					{
						"index": 1,
						"value": "0",
						"bestValue": true
					}
				],
				"bestValue": false
			}
		]
	}
}
