{
	"service_name": "edtdetaillookupservice-3531590",
	"eai": 3531590,
	"started_by": "Pravin Parbat (OSV)",
	"is_load_master": "Pravin Parbat (OSV)",
	"build_number": 240,
	"environment": "L1",
	"artifact": "edt-detail-lookup-service-2020.6.21-RELEASE",
	"timestamp": "25-Jun-20.11-34-02",
	"find_merge_requests": "false",
	"branch": "EdtDetailLookup-1.0-RELEASE",
	"revision": "777c11f4ec269508fb974ab72831a325e40b9b2a",
	"build": "SUCCESS",
	"project_key": "edtdetaillookupservice-3531590",
	"sonar_proj_url": "https://sonar.prod.cloud.fedex.com:9443/dashboard?id=edtdetaillookupservice-3531590",
	"sonar_url": "https://sonar.prod.cloud.fedex.com:9443",
	"nexus_url": "https://nexus.prod.cloud.fedex.com:8443/nexus/repository/3531590-EdtDetailLookup-service/com/fedex/tradetools/hs/edt-detail-lookup/edt-detail-lookup-service/2020.6.21-RELEASE/edt-detail-lookup-service-2020.6.21-RELEASE.tar",
	"quality_gate": "Red (was Green)",
	"ncloc": 779,
	"complexity": 12,
	"bugs": 6,
	"new_bugs": 2,
	"vulnerabilities": 0,
	"new_vulnerabilities": 0,
	"SMELL_DEBT": 0,
	"new_technical_debt": 0,
	"code_smell": 1183,
	"new_code_smell": 1183,
	"duplicated_lines_density": 38.4,
	"duplicated_blocks": 1,
	"new_duplicated_blocks": 1,
	"coverage": 12.0,
	"fortify_total": 10,
	"fortify_critical": 1,
	"fortify_high": 1,
	"fortify_medium": 1,
	"fortify_low": 7,	
	"l1_approval": "Pravin Parbat (OSV)",
	"l1_deployment": "SUCCEEDED",
	"l1_test_pass": 7,
	"l1_test_fail": 9,
	"l1_test_notrun": 0,
	"l1_test_total": 16,
	"l1_avg_response_time": 178.0,
	"l2_approval": "Pravin Parbat (OSV)",
	"l2_deployment": "SUCCEEDED",
	"l2_test_pass": 7,
	"l2_test_fail": 9,
	"l2_test_notrun": 0,
	"l2_test_total": 16,
	"l2_avg_response_time": 178.0,
	"l3_approval": "Pravin Parbat (OSV)",
	"l3_deployment": "SUCCEEDED",
	"l3_test_pass": 7,
	"l3_test_fail": 9,
	"l3_test_notrun": 0,
	"l3_test_total": 16,
	"l3_avg_response_time": 178.0,
	"l4_approval": "Pravin Parbat (OSV)",
	"l4_deployment": "SUCCEEDED",
	"l4_test_pass": 7,
	"l4_test_fail": 9,
	"l4_test_notrun": 0,
	"l4_test_total": 16,
	"l4_avg_response_time": 178.0,
	"l6_approval": "Pravin Parbat (OSV)",
	"l6_deployment": "SUCCEEDED",
	"l6_test_pass": 7,
	"l6_test_fail": 9,
	"l6_test_notrun": 0,
	"l6_test_total": 16,
	"l6_avg_response_time": 178.0
}