{
	"service_name": {"type": "text"},
	"eai": {"type": "integer"},
	"started_by": {"type": "text"},
	"is_load_master": {"type": "text"},
	"build_number": {"type": "integer"},
	"environment": {"type": "text"},
	"artifact": {"type": "text"},
	"timestamp": {"type": "date"},
	"find_merge_requests": {"type": "text"},
	"branch": {"type": "text"},
	"revision": {"type": "text"},
	"build": {"type": "text"},
	"project_key": {"type": "text"},
	"sonar_proj_url": {"type": "text"},
	"sonar_url": {"type": "text"},
	"nexus_url": {"type": "text"},
	"quality_gate": {"type": "text"},
	"ncloc": {"type": "long"},
	"complexity": {"type": "long"},
	"bugs": {"type": "integer"},
	"new_bugs": {"type": "integer"},
	"vulnerabilities": {"type": "integer"},
	"new_vulnerabilities": {"type": "integer"},
	"SMELL_DEBT": {"type": "integer"},
	"new_technical_debt": {"type": "integer"},
	"code_smell": {"type": "integer"},
	"new_code_smell": {"type": "integer"},
	"duplicated_lines_density": {"type": "double"},
	"duplicated_blocks": {"type": "integer"},
	"new_duplicated_blocks": {"type": "integer"},
	"coverage": {"type": "double"},
	"fortify_total": {"type": "integer"},
	"fortify_critical": {"type": "integer"},
	"fortify_high": {"type": "integer"},
	"fortify_medium": {"type": "integer"},
	"fortify_low": {"type": "integer"},	
	"l1_approval": {"type": "text"},
	"l1_deployment": {"type": "text"},
	"l1_test_pass": {"type": "long"},
	"l1_test_fail": {"type": "long"},
	"l1_test_notrun": {"type": "long"},
	"l1_test_total": {"type": "long"},
	"l1_avg_response_time": {"type": "double"},	
	"l2_approval": {"type": "text"},
	"l2_deployment": {"type": "text"},
	"l2_test_pass": {"type": "long"},
	"l2_test_fail": {"type": "long"},
	"l2_test_notrun": {"type": "long"},
	"l2_test_total": {"type": "long"},
	"l2_avg_response_time": {"type": "double"},	
	"l3_approval": {"type": "text"},
	"l3_deployment": {"type": "text"},
	"l3_test_pass": {"type": "long"},
	"l3_test_fail": {"type": "long"},
	"l3_test_notrun": {"type": "long"},
	"l3_test_total": {"type": "long"},
	"l3_avg_response_time": {"type": "double"},	
	"l4_approval": {"type": "text"},
	"l4_deployment": {"type": "text"},
	"l4_test_pass": {"type": "long"},
	"l4_test_fail": {"type": "long"},
	"l4_test_notrun": {"type": "long"},
	"l4_test_total": {"type": "long"},
	"l4_avg_response_time": {"type": "double"},	
	"l6_approval": {"type": "text"},
	"l6_deployment": {"type": "text"},
	"l6_test_pass": {"type": "long"},
	"l6_test_fail": {"type": "long"},
	"l6_test_notrun": {"type": "long"},
	"l6_test_total": {"type": "long"},
	"l6_avg_response_time": {"type": "double"}
}