{
	"annotations": {
		"list": [
			{
				"builtIn": 1,
				"datasource": "-- Grafana --",
				"enable": true,
				"hide": true,
				"iconColor": "rgba(0, 211, 255, 1)",
				"name": "Annotations & Alerts",
				"type": "dashboard"
			}
		]
	},
	"editable": true,
	"gnetId": null,
	"graphTooltip": 0,
	"id": 1,
	"iteration": 1594270657619,
	"links": [],
	"panels": [
		{
			"content": "\n  # **$service_name**\n  \n\n\n\n",
			"datasource": null,
			"gridPos": {
				"h": 2,
				"w": 24,
				"x": 0,
				"y": 0
			},
			"id": 16,
			"mode": "markdown",
			"timeFrom": null,
			"timeShift": null,
			"title": "",
			"type": "text"
		},
		{
			"content": "<h3><center>Code Quality Stats</h3>",
			"datasource": null,
			"gridPos": {
				"h": 2,
				"w": 24,
				"x": 0,
				"y": 2
			},
			"id": 17,
			"mode": "html",
			"timeFrom": null,
			"timeShift": null,
			"title": "",
			"type": "text"
		},
		{
			"aliasColors": {
				
			},
			"bars": false,
			"cacheTimeout": null,
			"dashLength": 10,
			"dashes": false,
			"datasource": null,
			"fill": 1,
			"fillGradient": 4,
			"gridPos": {
				"h": 8,
				"w": 12,
				"x": 0,
				"y": 4
			},
			"hiddenSeries": false,
			"hideTimeOverride": false,
			"id": 32,
			"legend": {
				"alignAsTable": false,
				"avg": false,
				"current": true,
				"hideEmpty": false,
				"hideZero": false,
				"max": false,
				"min": false,
				"rightSide": false,
				"show": true,
				"total": false,
				"values": true
			},
			"lines": true,
			"linewidth": 2,
			"links": [],
			"nullPointMode": "connected",
			"options": {
				"dataLinks": []
			},
			"percentage": false,
			"pluginVersion": "6.7.4",
			"pointradius": 2,
			"points": true,
			"renderer": "flot",
			"seriesOverrides": [],
			"spaceLength": 10,
			"stack": true,
			"steppedLine": false,
			"targets": [
				{
					"alias": "Bugs",
					"bucketAggs": [
						{
							"field": "timestamp",
							"id": "2",
							"settings": {
								"interval": "1d",
								"min_doc_count": 0,
								"trimEdges": 0
							},
							"type": "date_histogram"
						}
					],
					"metrics": [
						{
							"field": "bugs",
							"id": "1",
							"meta": {
								
							},
							"settings": {
								
							},
							"type": "avg"
						}
					],
					"query": "service_name:$service_name",
					"refId": "E",
					"timeField": "timestamp"
				},
				{
					"alias": "Code Smells",
					"bucketAggs": [
						{
							"field": "timestamp",
							"id": "2",
							"settings": {
								"interval": "1d",
								"min_doc_count": 0,
								"trimEdges": 0
							},
							"type": "date_histogram"
						}
					],
					"metrics": [
						{
							"field": "code_smell",
							"id": "1",
							"meta": {
								
							},
							"settings": {
								
							},
							"type": "avg"
						}
					],
					"query": "service_name:$service_name",
					"refId": "D",
					"timeField": "timestamp"
				},
				{
					"alias": "vulnerablities",
					"bucketAggs": [
						{
							"field": "timestamp",
							"id": "2",
							"settings": {
								"interval": "1d",
								"min_doc_count": 0,
								"trimEdges": 0
							},
							"type": "date_histogram"
						}
					],
					"metrics": [
						{
							"field": "vulnerabilities",
							"id": "1",
							"meta": {
								
							},
							"settings": {
								
							},
							"type": "avg"
						}
					],
					"query": "service_name:$service_name",
					"refId": "C",
					"timeField": "timestamp"
				},
				{
					"alias": "Debt",
					"bucketAggs": [
						{
							"field": "timestamp",
							"id": "2",
							"settings": {
								"interval": "1d",
								"min_doc_count": 0,
								"trimEdges": 0
							},
							"type": "date_histogram"
						}
					],
					"metrics": [
						{
							"field": "SMELL_DEBT",
							"id": "1",
							"meta": {
								
							},
							"settings": {
								
							},
							"type": "avg"
						}
					],
					"query": "service_name:$service_name",
					"refId": "A",
					"timeField": "timestamp"
				},
				{
					"alias": "Duplicate Lines",
					"bucketAggs": [
						{
							"field": "timestamp",
							"id": "2",
							"settings": {
								"interval": "1d",
								"min_doc_count": 0,
								"trimEdges": 0
							},
							"type": "date_histogram"
						}
					],
					"metrics": [
						{
							"field": "duplicated_lines_density",
							"id": "1",
							"meta": {
								
							},
							"settings": {
								
							},
							"type": "avg"
						}
					],
					"query": "service_name:$service_name",
					"refId": "F",
					"timeField": "timestamp"
				}
			],
			"thresholds": [],
			"timeFrom": null,
			"timeRegions": [],
			"timeShift": null,
			"title": "SonarQube",
			"tooltip": {
				"shared": true,
				"sort": 0,
				"value_type": "individual"
			},
			"type": "graph",
			"xaxis": {
				"buckets": null,
				"mode": "time",
				"name": null,
				"show": true,
				"values": []
			},
			"yaxes": [
				{
					"format": "short",
					"label": "# of Issues",
					"logBase": 1,
					"max": null,
					"min": null,
					"show": true
				},
				{
					"decimals": null,
					"format": "short",
					"label": null,
					"logBase": 1,
					"max": null,
					"min": null,
					"show": true
				}
			],
			"yaxis": {
				"align": false,
				"alignLevel": 0
			}
		},
		{
			"aliasColors": {
				
			},
			"bars": false,
			"cacheTimeout": null,
			"dashLength": 10,
			"dashes": false,
			"datasource": null,
			"fill": 1,
			"fillGradient": 4,
			"gridPos": {
				"h": 8,
				"w": 12,
				"x": 12,
				"y": 4
			},
			"hiddenSeries": false,
			"hideTimeOverride": false,
			"id": 5,
			"legend": {
				"alignAsTable": false,
				"avg": false,
				"current": true,
				"hideEmpty": false,
				"hideZero": false,
				"max": false,
				"min": false,
				"rightSide": false,
				"show": true,
				"total": false,
				"values": true
			},
			"lines": true,
			"linewidth": 2,
			"links": [],
			"nullPointMode": "connected",
			"options": {
				"dataLinks": []
			},
			"percentage": false,
			"pluginVersion": "6.7.4",
			"pointradius": 2,
			"points": true,
			"renderer": "flot",
			"seriesOverrides": [],
			"spaceLength": 10,
			"stack": true,
			"steppedLine": false,
			"targets": [
				{
					"alias": "Low",
					"bucketAggs": [
						{
							"field": "timestamp",
							"id": "2",
							"settings": {
								"interval": "1d",
								"min_doc_count": 0,
								"trimEdges": 0
							},
							"type": "date_histogram"
						}
					],
					"metrics": [
						{
							"field": "fortify_low",
							"id": "1",
							"meta": {
								
							},
							"settings": {
								
							},
							"type": "avg"
						}
					],
					"query": "service_name:$service_name",
					"refId": "E",
					"timeField": "timestamp"
				},
				{
					"alias": "Medium",
					"bucketAggs": [
						{
							"field": "timestamp",
							"id": "2",
							"settings": {
								"interval": "1d",
								"min_doc_count": 0,
								"trimEdges": 0
							},
							"type": "date_histogram"
						}
					],
					"metrics": [
						{
							"field": "fortify_medium",
							"id": "1",
							"meta": {
								
							},
							"settings": {
								
							},
							"type": "avg"
						}
					],
					"query": "service_name:$service_name",
					"refId": "D",
					"timeField": "timestamp"
				},
				{
					"alias": "High",
					"bucketAggs": [
						{
							"field": "timestamp",
							"id": "2",
							"settings": {
								"interval": "1d",
								"min_doc_count": 0,
								"trimEdges": 0
							},
							"type": "date_histogram"
						}
					],
					"metrics": [
						{
							"field": "fortify_high",
							"id": "1",
							"meta": {
								
							},
							"settings": {
								
							},
							"type": "avg"
						}
					],
					"query": "service_name:$service_name",
					"refId": "C",
					"timeField": "timestamp"
				},
				{
					"alias": "Critial",
					"bucketAggs": [
						{
							"field": "timestamp",
							"id": "2",
							"settings": {
								"interval": "1d",
								"min_doc_count": 0,
								"trimEdges": 0
							},
							"type": "date_histogram"
						}
					],
					"metrics": [
						{
							"field": "fortify_critical",
							"id": "1",
							"meta": {
								
							},
							"settings": {
								
							},
							"type": "avg"
						}
					],
					"query": "service_name:$service_name",
					"refId": "B",
					"timeField": "timestamp"
				},
				{
					"alias": "Total Issues",
					"bucketAggs": [
						{
							"field": "timestamp",
							"id": "2",
							"settings": {
								"interval": "1d",
								"min_doc_count": 0,
								"trimEdges": 0
							},
							"type": "date_histogram"
						}
					],
					"metrics": [
						{
							"field": "fortify_total",
							"id": "1",
							"meta": {
								
							},
							"settings": {
								
							},
							"type": "avg"
						}
					],
					"query": "service_name:$service_name",
					"refId": "A",
					"timeField": "timestamp"
				}
			],
			"thresholds": [],
			"timeFrom": null,
			"timeRegions": [],
			"timeShift": null,
			"title": "Fortify",
			"tooltip": {
				"shared": true,
				"sort": 0,
				"value_type": "individual"
			},
			"type": "graph",
			"xaxis": {
				"buckets": null,
				"mode": "time",
				"name": null,
				"show": true,
				"values": []
			},
			"yaxes": [
				{
					"format": "short",
					"label": "# of Issues",
					"logBase": 1,
					"max": null,
					"min": null,
					"show": true
				},
				{
					"decimals": null,
					"format": "short",
					"label": null,
					"logBase": 1,
					"max": null,
					"min": null,
					"show": true
				}
			],
			"yaxis": {
				"align": false,
				"alignLevel": 0
			}
		},
		{
			"datasource": null,
			"gridPos": {
				"h": 6,
				"w": 8,
				"x": 0,
				"y": 12
			},
			"id": 10,
			"options": {
				"fieldOptions": {
					"calcs": [
						"lastNotNull"
					],
					"defaults": {
						"mappings": [],
						"thresholds": {
							"mode": "absolute",
							"steps": [
								{
									"color": "green",
									"value": null
								},
								{
									"color": "#EAB839",
									"value": 50
								},
								{
									"color": "red",
									"value": 85
								}
							]
						},
						"unit": "percent"
					},
					"overrides": [],
					"values": false
				},
				"orientation": "auto",
				"showThresholdLabels": false,
				"showThresholdMarkers": true
			},
			"pluginVersion": "6.7.4",
			"targets": [
				{
					"bucketAggs": [
						{
							"field": "timestamp",
							"id": "2",
							"settings": {
								"interval": "1d",
								"min_doc_count": 0,
								"trimEdges": 0
							},
							"type": "date_histogram"
						}
					],
					"metrics": [
						{
							"field": "complexity",
							"id": "1",
							"meta": {
								
							},
							"settings": {
								
							},
							"type": "avg"
						}
					],
					"query": "service_name:$service_name",
					"refId": "A",
					"timeField": "timestamp"
				}
			],
			"timeFrom": null,
			"timeShift": null,
			"title": "Current Code Complexity",
			"type": "gauge"
		},
		{
			"cacheTimeout": null,
			"colorBackground": false,
			"colorPrefix": false,
			"colorValue": true,
			"colors": [
				"#F2495C",
				"rgba(237, 129, 40, 0.89)",
				"#73BF69"
			],
			"datasource": null,
			"decimals": 0,
			"format": "none",
			"gauge": {
				"maxValue": 100,
				"minValue": 0,
				"show": false,
				"thresholdLabels": false,
				"thresholdMarkers": true
			},
			"gridPos": {
				"h": 6,
				"w": 8,
				"x": 8,
				"y": 12
			},
			"id": 11,
			"interval": null,
			"links": [],
			"mappingType": 1,
			"mappingTypes": [
				{
					"name": "value to text",
					"value": 1
				},
				{
					"name": "range to text",
					"value": 2
				}
			],
			"maxDataPoints": 100,
			"nullPointMode": "connected",
			"nullText": null,
			"pluginVersion": "6.7.4",
			"postfix": "",
			"postfixFontSize": "50%",
			"prefix": "",
			"prefixFontSize": "200%",
			"rangeMaps": [
				{
					"from": "null",
					"text": "N/A",
					"to": "null"
				}
			],
			"sparkline": {
				"fillColor": "#96D98D",
				"full": true,
				"lineColor": "#96D98D",
				"show": true,
				"ymax": null,
				"ymin": null
			},
			"tableColumn": "",
			"targets": [
				{
					"bucketAggs": [
						{
							"field": "timestamp",
							"id": "2",
							"settings": {
								"interval": "1d",
								"min_doc_count": 0,
								"trimEdges": 0
							},
							"type": "date_histogram"
						}
					],
					"metrics": [
						{
							"field": "ncloc",
							"id": "1",
							"meta": {
								
							},
							"settings": {
								
							},
							"type": "avg"
						}
					],
					"query": "service_name:$service_name",
					"refId": "A",
					"timeField": "timestamp"
				}
			],
			"thresholds": "50,80",
			"timeFrom": null,
			"timeShift": null,
			"title": "Total Lines of Code",
			"type": "singlestat",
			"valueFontSize": "200%",
			"valueMaps": [
				{
					"op": "=",
					"text": "N/A",
					"value": "null"
				}
			],
			"valueName": "current"
		},
		{
			"datasource": null,
			"gridPos": {
				"h": 6,
				"w": 8,
				"x": 16,
				"y": 12
			},
			"id": 9,
			"options": {
				"fieldOptions": {
					"calcs": [
						"lastNotNull"
					],
					"defaults": {
						"mappings": [],
						"thresholds": {
							"mode": "absolute",
							"steps": [
								{
									"color": "red",
									"value": null
								},
								{
									"color": "#EAB839",
									"value": 50
								},
								{
									"color": "green",
									"value": 85
								}
							]
						},
						"unit": "percent"
					},
					"overrides": [],
					"values": false
				},
				"orientation": "auto",
				"showThresholdLabels": false,
				"showThresholdMarkers": true
			},
			"pluginVersion": "6.7.4",
			"targets": [
				{
					"bucketAggs": [
						{
							"field": "timestamp",
							"id": "2",
							"settings": {
								"interval": "1d",
								"min_doc_count": 0,
								"trimEdges": 0
							},
							"type": "date_histogram"
						}
					],
					"metrics": [
						{
							"field": "coverage",
							"id": "1",
							"meta": {
								
							},
							"settings": {
								
							},
							"type": "avg"
						}
					],
					"query": "service_name:$service_name",
					"refId": "A",
					"timeField": "timestamp"
				}
			],
			"timeFrom": null,
			"timeShift": null,
			"title": "Current Code Coverage",
			"type": "gauge"
		},
		{
			"content": "<h3><center>Test Quality Stats</h3>",
			"datasource": null,
			"gridPos": {
				"h": 2,
				"w": 24,
				"x": 0,
				"y": 18
			},
			"id": 18,
			"mode": "html",
			"timeFrom": null,
			"timeShift": null,
			"title": "",
			"type": "text"
		},
		{
			"content": "<h4>Environment - L1</h4>",
			"datasource": null,
			"gridPos": {
				"h": 2,
				"w": 24,
				"x": 0,
				"y": 20
			},
			"id": 36,
			"mode": "html",
			"timeFrom": null,
			"timeShift": null,
			"title": "",
			"type": "text"
		},
		{
			"aliasColors": {
				
			},
			"bars": false,
			"cacheTimeout": null,
			"dashLength": 10,
			"dashes": false,
			"datasource": null,
			"fill": 1,
			"fillGradient": 0,
			"gridPos": {
				"h": 5,
				"w": 8,
				"x": 0,
				"y": 22
			},
			"hiddenSeries": false,
			"id": 33,
			"legend": {
				"alignAsTable": false,
				"avg": false,
				"current": false,
				"max": false,
				"min": false,
				"rightSide": false,
				"show": true,
				"total": false,
				"values": false
			},
			"lines": true,
			"linewidth": 2,
			"links": [],
			"nullPointMode": "connected",
			"options": {
				"dataLinks": []
			},
			"percentage": false,
			"pluginVersion": "6.7.4",
			"pointradius": 2,
			"points": false,
			"renderer": "flot",
			"seriesOverrides": [],
			"spaceLength": 10,
			"stack": true,
			"steppedLine": false,
			"targets": [
				{
					"alias": "Pass",
					"bucketAggs": [
						{
							"field": "timestamp",
							"id": "2",
							"settings": {
								"interval": "1d",
								"min_doc_count": 0,
								"trimEdges": 0
							},
							"type": "date_histogram"
						}
					],
					"metrics": [
						{
							"field": "l1_test_pass",
							"id": "1",
							"meta": {
								
							},
							"settings": {
								"missing": 0
							},
							"type": "avg"
						}
					],
					"query": "service_name:$service_name",
					"refId": "A",
					"timeField": "timestamp"
				},
				{
					"alias": "Fail",
					"bucketAggs": [
						{
							"field": "timestamp",
							"id": "2",
							"settings": {
								"interval": "1d",
								"min_doc_count": 0,
								"trimEdges": 0
							},
							"type": "date_histogram"
						}
					],
					"metrics": [
						{
							"field": "l1_test_fail",
							"id": "1",
							"meta": {
								
							},
							"settings": {
								"missing": 0
							},
							"type": "avg"
						}
					],
					"query": "service_name:$service_name",
					"refId": "B",
					"timeField": "timestamp"
				},
				{
					"alias": "Not run",
					"bucketAggs": [
						{
							"field": "timestamp",
							"id": "2",
							"settings": {
								"interval": "1d",
								"min_doc_count": 0,
								"trimEdges": 0
							},
							"type": "date_histogram"
						}
					],
					"metrics": [
						{
							"field": "l1_test_notrun",
							"id": "1",
							"meta": {
								
							},
							"settings": {
								"missing": 0
							},
							"type": "avg"
						}
					],
					"query": "service_name:$service_name",
					"refId": "C",
					"timeField": "timestamp"
				},
				{
					"alias": "Not run",
					"bucketAggs": [
						{
							"field": "timestamp",
							"id": "2",
							"settings": {
								"interval": "1d",
								"min_doc_count": 0,
								"trimEdges": 0
							},
							"type": "date_histogram"
						}
					],
					"metrics": [
						{
							"field": "l1_test_total",
							"id": "1",
							"meta": {
								
							},
							"settings": {
								"missing": 0
							},
							"type": "avg"
						}
					],
					"query": "service_name:$service_name",
					"refId": "D",
					"timeField": "timestamp"
				}
			],
			"thresholds": [],
			"timeFrom": null,
			"timeRegions": [],
			"timeShift": null,
			"title": "L1 - Test Trends",
			"tooltip": {
				"shared": true,
				"sort": 0,
				"value_type": "individual"
			},
			"type": "graph",
			"xaxis": {
				"buckets": null,
				"mode": "time",
				"name": null,
				"show": true,
				"values": []
			},
			"yaxes": [
				{
					"format": "short",
					"label": null,
					"logBase": 1,
					"max": null,
					"min": null,
					"show": true
				},
				{
					"format": "short",
					"label": null,
					"logBase": 1,
					"max": null,
					"min": null,
					"show": true
				}
			],
			"yaxis": {
				"align": false,
				"alignLevel": null
			}
		},
		{
			"aliasColors": {
				
			},
			"breakPoint": "50%",
			"cacheTimeout": null,
			"combine": {
				"label": "",
				"threshold": "0"
			},
			"datasource": null,
			"decimals": null,
			"fontSize": "70%",
			"format": "short",
			"gridPos": {
				"h": 5,
				"w": 8,
				"x": 8,
				"y": 22
			},
			"id": 30,
			"interval": null,
			"legend": {
				"header": "",
				"percentage": true,
				"percentageDecimals": null,
				"show": true,
				"sideWidth": null,
				"values": true
			},
			"legendType": "Right side",
			"links": [],
			"maxDataPoints": 3,
			"nullPointMode": "connected",
			"pieType": "donut",
			"pluginVersion": "6.7.4",
			"strokeWidth": "1",
			"targets": [
				{
					"alias": "Pass",
					"bucketAggs": [
						{
							"field": "timestamp",
							"id": "2",
							"settings": {
								"interval": "1d",
								"min_doc_count": 0,
								"trimEdges": 0
							},
							"type": "date_histogram"
						}
					],
					"metrics": [
						{
							"field": "l1_test_pass",
							"id": "1",
							"meta": {
								
							},
							"settings": {
								"missing": 0
							},
							"type": "avg"
						}
					],
					"query": "service_name:$service_name",
					"refId": "A",
					"timeField": "timestamp"
				},
				{
					"alias": "Fail",
					"bucketAggs": [
						{
							"field": "timestamp",
							"id": "2",
							"settings": {
								"interval": "1d",
								"min_doc_count": 0,
								"trimEdges": 0
							},
							"type": "date_histogram"
						}
					],
					"metrics": [
						{
							"field": "l1_test_fail",
							"id": "1",
							"meta": {
								
							},
							"settings": {
								"missing": 0
							},
							"type": "avg"
						}
					],
					"query": "service_name:$service_name",
					"refId": "B",
					"timeField": "timestamp"
				},
				{
					"alias": "Not run",
					"bucketAggs": [
						{
							"field": "timestamp",
							"id": "2",
							"settings": {
								"interval": "1d",
								"min_doc_count": 0,
								"trimEdges": 0
							},
							"type": "date_histogram"
						}
					],
					"metrics": [
						{
							"field": "l1_test_notrun",
							"id": "1",
							"meta": {
								
							},
							"settings": {
								"missing": 0
							},
							"type": "avg"
						}
					],
					"query": "service_name:$service_name",
					"refId": "C",
					"timeField": "timestamp"
				}
			],
			"timeFrom": null,
			"timeShift": null,
			"title": "L1 - Latest Test Stats",
			"type": "grafana-piechart-panel",
			"valueName": "current"
		},
		{
			"cacheTimeout": null,
			"colorBackground": false,
			"colorPostfix": false,
			"colorPrefix": false,
			"colorValue": true,
			"colors": [
				"#299c46",
				"rgba(237, 129, 40, 0.89)",
				"#d44a3a"
			],
			"datasource": null,
			"decimals": 0,
			"format": "ms",
			"gauge": {
				"maxValue": 100,
				"minValue": 0,
				"show": false,
				"thresholdLabels": false,
				"thresholdMarkers": true
			},
			"gridPos": {
				"h": 5,
				"w": 8,
				"x": 16,
				"y": 22
			},
			"id": 26,
			"interval": null,
			"links": [],
			"mappingType": 1,
			"mappingTypes": [
				{
					"name": "value to text",
					"value": 1
				},
				{
					"name": "range to text",
					"value": 2
				}
			],
			"maxDataPoints": 100,
			"nullPointMode": "connected",
			"nullText": null,
			"pluginVersion": "6.7.4",
			"postfix": "",
			"postfixFontSize": "80%",
			"prefix": "",
			"prefixFontSize": "50%",
			"rangeMaps": [
				{
					"from": "null",
					"text": "N/A",
					"to": "null"
				}
			],
			"sparkline": {
				"fillColor": "rgba(31, 118, 189, 0.18)",
				"full": false,
				"lineColor": "rgb(31, 120, 193)",
				"show": false,
				"ymax": null,
				"ymin": null
			},
			"tableColumn": "",
			"targets": [
				{
					"bucketAggs": [
						{
							"field": "timestamp",
							"id": "2",
							"settings": {
								"interval": "1d",
								"min_doc_count": 0,
								"trimEdges": 0
							},
							"type": "date_histogram"
						}
					],
					"metrics": [
						{
							"field": "l1_avg_response_time",
							"id": "1",
							"meta": {
								
							},
							"settings": {
								
							},
							"type": "avg"
						}
					],
					"query": "service_name:$service_name",
					"refId": "A",
					"timeField": "timestamp"
				}
			],
			"thresholds": "",
			"timeFrom": null,
			"timeShift": null,
			"title": "L1 - Average Response Time",
			"type": "singlestat",
			"valueFontSize": "200%",
			"valueMaps": [
				{
					"op": "=",
					"text": "N/A",
					"value": "null"
				}
			],
			"valueName": "current"
		},
		{
			"columns": [
				{
					"text": "build_number",
					"value": "build_number"
				},
				{
					"text": "started_by",
					"value": "started_by"
				},
				{
					"text": "is_load_master",
					"value": "is_load_master"
				},
				{
					"text": "artifact",
					"value": "artifact"
				},
				{
					"text": "timestamp",
					"value": "timestamp"
				},
				{
					"text": "l1_test_total",
					"value": "l1_test_total"
				},
				{
					"text": "l1_test_pass",
					"value": "l1_test_pass"
				},
				{
					"text": "l1_test_fail",
					"value": "l1_test_fail"
				},
				{
					"text": "l1_test_notrun",
					"value": "l1_test_notrun"
				},
				{
					"text": "build",
					"value": "build"
				}
			],
			"datasource": "Elasticsearch",
			"description": "",
			"fontSize": "80%",
			"gridPos": {
				"h": 5,
				"w": 24,
				"x": 0,
				"y": 27
			},
			"id": 34,
			"pageSize": 5,
			"repeatDirection": null,
			"showHeader": true,
			"sort": {
				"col": null,
				"desc": false
			},
			"styles": [
				{
					"alias": "Date",
					"align": "left",
					"dateFormat": "MM/DD/YY h:mm:ss a",
					"pattern": "timestamp",
					"type": "date"
				},
				{
					"alias": "Build #",
					"align": "auto",
					"colorMode": null,
					"colors": [
						"rgba(245, 54, 54, 0.9)",
						"rgba(237, 129, 40, 0.89)",
						"rgba(50, 172, 45, 0.97)"
					],
					"dateFormat": "YYYY-MM-DD HH:mm:ss",
					"decimals": 0,
					"mappingType": 1,
					"pattern": "build_number",
					"thresholds": [],
					"type": "number",
					"unit": "short"
				},
				{
					"alias": "Total",
					"align": "auto",
					"colorMode": null,
					"colors": [
						"rgba(245, 54, 54, 0.9)",
						"rgba(237, 129, 40, 0.89)",
						"rgba(50, 172, 45, 0.97)"
					],
					"dateFormat": "YYYY-MM-DD HH:mm:ss",
					"decimals": null,
					"mappingType": 1,
					"pattern": "l1_test_total",
					"thresholds": [],
					"type": "number",
					"unit": "short"
				},
				{
					"alias": "Started By",
					"align": "auto",
					"colorMode": null,
					"colors": [
						"rgba(245, 54, 54, 0.9)",
						"rgba(237, 129, 40, 0.89)",
						"rgba(50, 172, 45, 0.97)"
					],
					"dateFormat": "YYYY-MM-DD HH:mm:ss",
					"decimals": null,
					"mappingType": 1,
					"pattern": "started_by",
					"thresholds": [],
					"type": "number",
					"unit": "short"
				},
				{
					"alias": "Load Master",
					"align": "auto",
					"colorMode": null,
					"colors": [
						"rgba(245, 54, 54, 0.9)",
						"rgba(237, 129, 40, 0.89)",
						"rgba(50, 172, 45, 0.97)"
					],
					"dateFormat": "YYYY-MM-DD HH:mm:ss",
					"decimals": null,
					"mappingType": 1,
					"pattern": "is_load_master",
					"thresholds": [],
					"type": "number",
					"unit": "short"
				},
				{
					"alias": "Artifact ID",
					"align": "auto",
					"colorMode": null,
					"colors": [
						"rgba(245, 54, 54, 0.9)",
						"rgba(237, 129, 40, 0.89)",
						"rgba(50, 172, 45, 0.97)"
					],
					"dateFormat": "YYYY-MM-DD HH:mm:ss",
					"decimals": null,
					"mappingType": 1,
					"pattern": "artifact",
					"thresholds": [],
					"type": "number",
					"unit": "short"
				},
				{
					"alias": "Pass",
					"align": "auto",
					"colorMode": null,
					"colors": [
						"rgba(245, 54, 54, 0.9)",
						"rgba(237, 129, 40, 0.89)",
						"rgba(50, 172, 45, 0.97)"
					],
					"dateFormat": "YYYY-MM-DD HH:mm:ss",
					"decimals": null,
					"mappingType": 1,
					"pattern": "l1_test_pass",
					"thresholds": [],
					"type": "number",
					"unit": "short"
				},
				{
					"alias": "Fail",
					"align": "auto",
					"colorMode": null,
					"colors": [
						"rgba(245, 54, 54, 0.9)",
						"rgba(237, 129, 40, 0.89)",
						"rgba(50, 172, 45, 0.97)"
					],
					"dateFormat": "YYYY-MM-DD HH:mm:ss",
					"decimals": null,
					"mappingType": 1,
					"pattern": "l1_test_fail",
					"thresholds": [],
					"type": "number",
					"unit": "short"
				},
				{
					"alias": "Not Run",
					"align": "auto",
					"colorMode": null,
					"colors": [
						"rgba(245, 54, 54, 0.9)",
						"rgba(237, 129, 40, 0.89)",
						"rgba(50, 172, 45, 0.97)"
					],
					"dateFormat": "YYYY-MM-DD HH:mm:ss",
					"decimals": 0,
					"mappingType": 1,
					"pattern": "l1_test_notrun",
					"thresholds": [],
					"type": "number",
					"unit": "short"
				},
				{
					"alias": "Build",
					"align": "auto",
					"colorMode": null,
					"colors": [
						"rgba(245, 54, 54, 0.9)",
						"rgba(237, 129, 40, 0.89)",
						"rgba(50, 172, 45, 0.97)"
					],
					"dateFormat": "YYYY-MM-DD HH:mm:ss",
					"decimals": 20,
					"mappingType": 1,
					"pattern": "build",
					"thresholds": [],
					"type": "number",
					"unit": "short"
				},
				{
					"alias": "",
					"align": "left",
					"colorMode": "value",
					"colors": [
						"#73BF69",
						"rgba(237, 129, 40, 0.89)",
						"rgba(245, 54, 54, 0.9)"
					],
					"decimals": 2,
					"mappingType": 1,
					"pattern": "/.*/",
					"preserveFormat": false,
					"thresholds": [
						"SUCCESS"
					],
					"type": "string",
					"unit": "short"
				}
			],
			"targets": [
				{
					"bucketAggs": [],
					"metrics": [
						{
							"field": "select field",
							"id": "1",
							"meta": {
								
							},
							"settings": {
								"size": 500
							},
							"type": "raw_document"
						}
					],
					"query": "service_name:$service_name",
					"refId": "A",
					"timeField": "timestamp"
				}
			],
			"timeFrom": "100d",
			"timeShift": null,
			"title": "Details",
			"transform": "json",
			"type": "table"
		},
		{
			"content": "<h4>Environment - L2</h4>",
			"datasource": null,
			"gridPos": {
				"h": 2,
				"w": 24,
				"x": 0,
				"y": 32
			},
			"id": 37,
			"mode": "html",
			"timeFrom": null,
			"timeShift": null,
			"title": "",
			"type": "text"
		},
		{
			"aliasColors": {
				
			},
			"bars": false,
			"cacheTimeout": null,
			"dashLength": 10,
			"dashes": false,
			"datasource": null,
			"fill": 1,
			"fillGradient": 0,
			"gridPos": {
				"h": 5,
				"w": 8,
				"x": 0,
				"y": 34
			},
			"hiddenSeries": false,
			"id": 35,
			"legend": {
				"alignAsTable": false,
				"avg": false,
				"current": false,
				"max": false,
				"min": false,
				"rightSide": false,
				"show": true,
				"total": false,
				"values": false
			},
			"lines": true,
			"linewidth": 2,
			"links": [],
			"nullPointMode": "connected",
			"options": {
				"dataLinks": []
			},
			"percentage": false,
			"pluginVersion": "6.7.4",
			"pointradius": 2,
			"points": false,
			"renderer": "flot",
			"seriesOverrides": [],
			"spaceLength": 10,
			"stack": true,
			"steppedLine": false,
			"targets": [
				{
					"alias": "Pass",
					"bucketAggs": [
						{
							"field": "timestamp",
							"id": "2",
							"settings": {
								"interval": "1d",
								"min_doc_count": 0,
								"trimEdges": 0
							},
							"type": "date_histogram"
						}
					],
					"metrics": [
						{
							"field": "l2_test_pass",
							"id": "1",
							"meta": {
								
							},
							"settings": {
								"missing": 0
							},
							"type": "avg"
						}
					],
					"query": "service_name:$service_name",
					"refId": "A",
					"timeField": "timestamp"
				},
				{
					"alias": "Fail",
					"bucketAggs": [
						{
							"field": "timestamp",
							"id": "2",
							"settings": {
								"interval": "1d",
								"min_doc_count": 0,
								"trimEdges": 0
							},
							"type": "date_histogram"
						}
					],
					"metrics": [
						{
							"field": "l2_test_fail",
							"id": "1",
							"meta": {
								
							},
							"settings": {
								"missing": 0
							},
							"type": "avg"
						}
					],
					"query": "service_name:$service_name",
					"refId": "B",
					"timeField": "timestamp"
				},
				{
					"alias": "Not run",
					"bucketAggs": [
						{
							"field": "timestamp",
							"id": "2",
							"settings": {
								"interval": "1d",
								"min_doc_count": 0,
								"trimEdges": 0
							},
							"type": "date_histogram"
						}
					],
					"metrics": [
						{
							"field": "l2_test_notrun",
							"id": "1",
							"meta": {
								
							},
							"settings": {
								"missing": 0
							},
							"type": "avg"
						}
					],
					"query": "service_name:$service_name",
					"refId": "C",
					"timeField": "timestamp"
				},
				{
					"alias": "Not run",
					"bucketAggs": [
						{
							"field": "timestamp",
							"id": "2",
							"settings": {
								"interval": "1d",
								"min_doc_count": 0,
								"trimEdges": 0
							},
							"type": "date_histogram"
						}
					],
					"metrics": [
						{
							"field": "l1_test_total",
							"id": "1",
							"meta": {
								
							},
							"settings": {
								"missing": 0
							},
							"type": "avg"
						}
					],
					"query": "service_name:$service_name",
					"refId": "D",
					"timeField": "timestamp"
				}
			],
			"thresholds": [],
			"timeFrom": null,
			"timeRegions": [],
			"timeShift": null,
			"title": "L2 - Test Trends",
			"tooltip": {
				"shared": true,
				"sort": 0,
				"value_type": "individual"
			},
			"type": "graph",
			"xaxis": {
				"buckets": null,
				"mode": "time",
				"name": null,
				"show": true,
				"values": []
			},
			"yaxes": [
				{
					"format": "short",
					"label": null,
					"logBase": 1,
					"max": null,
					"min": null,
					"show": true
				},
				{
					"format": "short",
					"label": null,
					"logBase": 1,
					"max": null,
					"min": null,
					"show": true
				}
			],
			"yaxis": {
				"align": false,
				"alignLevel": null
			}
		},
		{
			"aliasColors": {
				
			},
			"breakPoint": "50%",
			"cacheTimeout": null,
			"combine": {
				"label": "",
				"threshold": "0"
			},
			"datasource": null,
			"decimals": null,
			"fontSize": "70%",
			"format": "short",
			"gridPos": {
				"h": 5,
				"w": 8,
				"x": 8,
				"y": 34
			},
			"id": 21,
			"interval": null,
			"legend": {
				"header": "",
				"percentage": true,
				"percentageDecimals": null,
				"show": true,
				"sideWidth": null,
				"values": true
			},
			"legendType": "Right side",
			"links": [],
			"maxDataPoints": 3,
			"nullPointMode": "connected",
			"pieType": "donut",
			"pluginVersion": "6.7.4",
			"strokeWidth": "1",
			"targets": [
				{
					"alias": "Pass",
					"bucketAggs": [
						{
							"field": "timestamp",
							"id": "2",
							"settings": {
								"interval": "1d",
								"min_doc_count": 0,
								"trimEdges": 0
							},
							"type": "date_histogram"
						}
					],
					"metrics": [
						{
							"field": "l2_test_pass",
							"id": "1",
							"meta": {
								
							},
							"settings": {
								"missing": 0
							},
							"type": "avg"
						}
					],
					"query": "service_name:$service_name",
					"refId": "A",
					"timeField": "timestamp"
				},
				{
					"alias": "Fail",
					"bucketAggs": [
						{
							"field": "timestamp",
							"id": "2",
							"settings": {
								"interval": "1d",
								"min_doc_count": 0,
								"trimEdges": 0
							},
							"type": "date_histogram"
						}
					],
					"metrics": [
						{
							"field": "l2_test_fail",
							"id": "1",
							"meta": {
								
							},
							"settings": {
								"missing": 0
							},
							"type": "avg"
						}
					],
					"query": "service_name:$service_name",
					"refId": "B",
					"timeField": "timestamp"
				},
				{
					"alias": "Not run",
					"bucketAggs": [
						{
							"field": "timestamp",
							"id": "2",
							"settings": {
								"interval": "1d",
								"min_doc_count": 0,
								"trimEdges": 0
							},
							"type": "date_histogram"
						}
					],
					"metrics": [
						{
							"field": "l2_test_notrun",
							"id": "1",
							"meta": {
								
							},
							"settings": {
								"missing": 0
							},
							"type": "avg"
						}
					],
					"query": "service_name:$service_name",
					"refId": "C",
					"timeField": "timestamp"
				}
			],
			"timeFrom": null,
			"timeShift": null,
			"title": "L2 - Latest Test Stats",
			"type": "grafana-piechart-panel",
			"valueName": "current"
		},
		{
			"cacheTimeout": null,
			"colorBackground": false,
			"colorPostfix": false,
			"colorPrefix": false,
			"colorValue": true,
			"colors": [
				"#299c46",
				"rgba(237, 129, 40, 0.89)",
				"#d44a3a"
			],
			"datasource": null,
			"decimals": 0,
			"format": "ms",
			"gauge": {
				"maxValue": 100,
				"minValue": 0,
				"show": false,
				"thresholdLabels": false,
				"thresholdMarkers": true
			},
			"gridPos": {
				"h": 5,
				"w": 8,
				"x": 16,
				"y": 34
			},
			"id": 31,
			"interval": null,
			"links": [],
			"mappingType": 1,
			"mappingTypes": [
				{
					"name": "value to text",
					"value": 1
				},
				{
					"name": "range to text",
					"value": 2
				}
			],
			"maxDataPoints": 100,
			"nullPointMode": "connected",
			"nullText": null,
			"pluginVersion": "6.7.4",
			"postfix": "",
			"postfixFontSize": "80%",
			"prefix": "",
			"prefixFontSize": "50%",
			"rangeMaps": [
				{
					"from": "null",
					"text": "N/A",
					"to": "null"
				}
			],
			"sparkline": {
				"fillColor": "rgba(31, 118, 189, 0.18)",
				"full": false,
				"lineColor": "rgb(31, 120, 193)",
				"show": false,
				"ymax": null,
				"ymin": null
			},
			"tableColumn": "",
			"targets": [
				{
					"bucketAggs": [
						{
							"field": "timestamp",
							"id": "2",
							"settings": {
								"interval": "1d",
								"min_doc_count": 0,
								"trimEdges": 0
							},
							"type": "date_histogram"
						}
					],
					"metrics": [
						{
							"field": "l2_avg_response_time",
							"id": "1",
							"meta": {
								
							},
							"settings": {
								
							},
							"type": "avg"
						}
					],
					"query": "service_name:$service_name",
					"refId": "A",
					"timeField": "timestamp"
				}
			],
			"thresholds": "",
			"timeFrom": null,
			"timeShift": null,
			"title": "L2 - Average Response Time",
			"type": "singlestat",
			"valueFontSize": "200%",
			"valueMaps": [
				{
					"op": "=",
					"text": "N/A",
					"value": "null"
				}
			],
			"valueName": "current"
		},
		{
			"columns": [
				{
					"text": "build_number",
					"value": "build_number"
				},
				{
					"text": "started_by",
					"value": "started_by"
				},
				{
					"text": "is_load_master",
					"value": "is_load_master"
				},
				{
					"text": "artifact",
					"value": "artifact"
				},
				{
					"text": "timestamp",
					"value": "timestamp"
				},
				{
					"text": "l2_test_total",
					"value": "l2_test_total"
				},
				{
					"text": "l2_test_pass",
					"value": "l2_test_pass"
				},
				{
					"text": "l2_test_fail",
					"value": "l2_test_fail"
				},
				{
					"text": "l2_test_notrun",
					"value": "l2_test_notrun"
				},
				{
					"text": "build",
					"value": "build"
				}
			],
			"datasource": "Elasticsearch",
			"description": "",
			"fontSize": "80%",
			"gridPos": {
				"h": 5,
				"w": 24,
				"x": 0,
				"y": 39
			},
			"id": 38,
			"pageSize": 5,
			"repeatDirection": null,
			"showHeader": true,
			"sort": {
				"col": null,
				"desc": false
			},
			"styles": [
				{
					"alias": "Date",
					"align": "left",
					"dateFormat": "MM/DD/YY h:mm:ss a",
					"pattern": "timestamp",
					"type": "date"
				},
				{
					"alias": "Build #",
					"align": "auto",
					"colorMode": null,
					"colors": [
						"rgba(245, 54, 54, 0.9)",
						"rgba(237, 129, 40, 0.89)",
						"rgba(50, 172, 45, 0.97)"
					],
					"dateFormat": "YYYY-MM-DD HH:mm:ss",
					"decimals": 0,
					"mappingType": 1,
					"pattern": "build_number",
					"thresholds": [],
					"type": "number",
					"unit": "short"
				},
				{
					"alias": "Total",
					"align": "auto",
					"colorMode": null,
					"colors": [
						"rgba(245, 54, 54, 0.9)",
						"rgba(237, 129, 40, 0.89)",
						"rgba(50, 172, 45, 0.97)"
					],
					"dateFormat": "YYYY-MM-DD HH:mm:ss",
					"decimals": null,
					"mappingType": 1,
					"pattern": "l2_test_total",
					"thresholds": [],
					"type": "number",
					"unit": "short"
				},
				{
					"alias": "Started By",
					"align": "auto",
					"colorMode": null,
					"colors": [
						"rgba(245, 54, 54, 0.9)",
						"rgba(237, 129, 40, 0.89)",
						"rgba(50, 172, 45, 0.97)"
					],
					"dateFormat": "YYYY-MM-DD HH:mm:ss",
					"decimals": null,
					"mappingType": 1,
					"pattern": "started_by",
					"thresholds": [],
					"type": "number",
					"unit": "short"
				},
				{
					"alias": "Load Master",
					"align": "auto",
					"colorMode": null,
					"colors": [
						"rgba(245, 54, 54, 0.9)",
						"rgba(237, 129, 40, 0.89)",
						"rgba(50, 172, 45, 0.97)"
					],
					"dateFormat": "YYYY-MM-DD HH:mm:ss",
					"decimals": null,
					"mappingType": 1,
					"pattern": "is_load_master",
					"thresholds": [],
					"type": "number",
					"unit": "short"
				},
				{
					"alias": "Artifact ID",
					"align": "auto",
					"colorMode": null,
					"colors": [
						"rgba(245, 54, 54, 0.9)",
						"rgba(237, 129, 40, 0.89)",
						"rgba(50, 172, 45, 0.97)"
					],
					"dateFormat": "YYYY-MM-DD HH:mm:ss",
					"decimals": null,
					"mappingType": 1,
					"pattern": "artifact",
					"thresholds": [],
					"type": "number",
					"unit": "short"
				},
				{
					"alias": "Pass",
					"align": "auto",
					"colorMode": null,
					"colors": [
						"rgba(245, 54, 54, 0.9)",
						"rgba(237, 129, 40, 0.89)",
						"rgba(50, 172, 45, 0.97)"
					],
					"dateFormat": "YYYY-MM-DD HH:mm:ss",
					"decimals": null,
					"mappingType": 1,
					"pattern": "l2_test_pass",
					"thresholds": [],
					"type": "number",
					"unit": "short"
				},
				{
					"alias": "Fail",
					"align": "auto",
					"colorMode": null,
					"colors": [
						"rgba(245, 54, 54, 0.9)",
						"rgba(237, 129, 40, 0.89)",
						"rgba(50, 172, 45, 0.97)"
					],
					"dateFormat": "YYYY-MM-DD HH:mm:ss",
					"decimals": null,
					"mappingType": 1,
					"pattern": "l2_test_fail",
					"thresholds": [],
					"type": "number",
					"unit": "short"
				},
				{
					"alias": "Not Run",
					"align": "auto",
					"colorMode": null,
					"colors": [
						"rgba(245, 54, 54, 0.9)",
						"rgba(237, 129, 40, 0.89)",
						"rgba(50, 172, 45, 0.97)"
					],
					"dateFormat": "YYYY-MM-DD HH:mm:ss",
					"decimals": 0,
					"mappingType": 1,
					"pattern": "l2_test_notrun",
					"thresholds": [],
					"type": "number",
					"unit": "short"
				},
				{
					"alias": "Build",
					"align": "auto",
					"colorMode": null,
					"colors": [
						"rgba(245, 54, 54, 0.9)",
						"rgba(237, 129, 40, 0.89)",
						"rgba(50, 172, 45, 0.97)"
					],
					"dateFormat": "YYYY-MM-DD HH:mm:ss",
					"decimals": 20,
					"mappingType": 1,
					"pattern": "build",
					"thresholds": [],
					"type": "number",
					"unit": "short"
				},
				{
					"alias": "",
					"align": "left",
					"colorMode": "value",
					"colors": [
						"#73BF69",
						"rgba(237, 129, 40, 0.89)",
						"rgba(245, 54, 54, 0.9)"
					],
					"decimals": 2,
					"mappingType": 1,
					"pattern": "/.*/",
					"preserveFormat": false,
					"thresholds": [
						"SUCCESS"
					],
					"type": "string",
					"unit": "short"
				}
			],
			"targets": [
				{
					"bucketAggs": [],
					"metrics": [
						{
							"field": "select field",
							"id": "1",
							"meta": {
								
							},
							"settings": {
								"size": 500
							},
							"type": "raw_document"
						}
					],
					"query": "service_name:$service_name",
					"refId": "A",
					"timeField": "timestamp"
				}
			],
			"timeFrom": "100d",
			"timeShift": null,
			"title": "Details",
			"transform": "json",
			"type": "table"
		},
		{
			"aliasColors": {
				
			},
			"breakPoint": "50%",
			"cacheTimeout": null,
			"combine": {
				"label": "",
				"threshold": "0"
			},
			"datasource": null,
			"decimals": null,
			"fontSize": "70%",
			"format": "short",
			"gridPos": {
				"h": 5,
				"w": 12,
				"x": 0,
				"y": 44
			},
			"id": 23,
			"interval": null,
			"legend": {
				"header": "",
				"percentage": true,
				"percentageDecimals": null,
				"show": true,
				"sideWidth": null,
				"values": true
			},
			"legendType": "Right side",
			"links": [],
			"maxDataPoints": 3,
			"nullPointMode": "connected",
			"pieType": "donut",
			"pluginVersion": "6.7.4",
			"strokeWidth": "1",
			"targets": [
				{
					"alias": "Pass",
					"bucketAggs": [
						{
							"field": "timestamp",
							"id": "2",
							"settings": {
								"interval": "1d",
								"min_doc_count": 0,
								"trimEdges": 0
							},
							"type": "date_histogram"
						}
					],
					"metrics": [
						{
							"field": "l3_test_pass",
							"id": "1",
							"meta": {
								
							},
							"settings": {
								"missing": 0
							},
							"type": "avg"
						}
					],
					"query": "service_name:$service_name",
					"refId": "A",
					"timeField": "timestamp"
				},
				{
					"alias": "Fail",
					"bucketAggs": [
						{
							"field": "timestamp",
							"id": "2",
							"settings": {
								"interval": "1d",
								"min_doc_count": 0,
								"trimEdges": 0
							},
							"type": "date_histogram"
						}
					],
					"metrics": [
						{
							"field": "l3_test_fail",
							"id": "1",
							"meta": {
								
							},
							"settings": {
								"missing": 0
							},
							"type": "avg"
						}
					],
					"query": "service_name:$service_name",
					"refId": "B",
					"timeField": "timestamp"
				},
				{
					"alias": "Not run",
					"bucketAggs": [
						{
							"field": "timestamp",
							"id": "2",
							"settings": {
								"interval": "1d",
								"min_doc_count": 0,
								"trimEdges": 0
							},
							"type": "date_histogram"
						}
					],
					"metrics": [
						{
							"field": "l3_test_notrun",
							"id": "1",
							"meta": {
								
							},
							"settings": {
								"missing": 0
							},
							"type": "avg"
						}
					],
					"query": "service_name:$service_name",
					"refId": "C",
					"timeField": "timestamp"
				}
			],
			"timeFrom": null,
			"timeShift": null,
			"title": "L3 - Latest Test Stats",
			"type": "grafana-piechart-panel",
			"valueName": "current"
		},
		{
			"cacheTimeout": null,
			"colorBackground": false,
			"colorPostfix": false,
			"colorPrefix": false,
			"colorValue": true,
			"colors": [
				"#299c46",
				"rgba(237, 129, 40, 0.89)",
				"#d44a3a"
			],
			"datasource": null,
			"decimals": 0,
			"format": "ms",
			"gauge": {
				"maxValue": 100,
				"minValue": 0,
				"show": false,
				"thresholdLabels": false,
				"thresholdMarkers": true
			},
			"gridPos": {
				"h": 5,
				"w": 12,
				"x": 12,
				"y": 44
			},
			"id": 27,
			"interval": null,
			"links": [],
			"mappingType": 1,
			"mappingTypes": [
				{
					"name": "value to text",
					"value": 1
				},
				{
					"name": "range to text",
					"value": 2
				}
			],
			"maxDataPoints": 100,
			"nullPointMode": "connected",
			"nullText": null,
			"pluginVersion": "6.7.4",
			"postfix": "",
			"postfixFontSize": "80%",
			"prefix": "",
			"prefixFontSize": "50%",
			"rangeMaps": [
				{
					"from": "null",
					"text": "N/A",
					"to": "null"
				}
			],
			"sparkline": {
				"fillColor": "rgba(31, 118, 189, 0.18)",
				"full": false,
				"lineColor": "rgb(31, 120, 193)",
				"show": false,
				"ymax": null,
				"ymin": null
			},
			"tableColumn": "",
			"targets": [
				{
					"bucketAggs": [
						{
							"field": "timestamp",
							"id": "2",
							"settings": {
								"interval": "1d",
								"min_doc_count": 0,
								"trimEdges": 0
							},
							"type": "date_histogram"
						}
					],
					"metrics": [
						{
							"field": "l3_avg_response_time",
							"id": "1",
							"meta": {
								
							},
							"settings": {
								
							},
							"type": "avg"
						}
					],
					"query": "service_name:$service_name",
					"refId": "A",
					"timeField": "timestamp"
				}
			],
			"thresholds": "",
			"timeFrom": null,
			"timeShift": null,
			"title": "L3 - Average Response Time",
			"type": "singlestat",
			"valueFontSize": "200%",
			"valueMaps": [
				{
					"op": "=",
					"text": "N/A",
					"value": "null"
				}
			],
			"valueName": "current"
		},
		{
			"aliasColors": {
				
			},
			"breakPoint": "50%",
			"cacheTimeout": null,
			"combine": {
				"label": "",
				"threshold": "0"
			},
			"datasource": null,
			"decimals": null,
			"fontSize": "70%",
			"format": "short",
			"gridPos": {
				"h": 5,
				"w": 12,
				"x": 0,
				"y": 49
			},
			"id": 25,
			"interval": null,
			"legend": {
				"header": "",
				"percentage": true,
				"percentageDecimals": null,
				"show": true,
				"sideWidth": null,
				"values": true
			},
			"legendType": "Right side",
			"links": [],
			"maxDataPoints": 3,
			"nullPointMode": "connected",
			"pieType": "donut",
			"pluginVersion": "6.7.4",
			"strokeWidth": "1",
			"targets": [
				{
					"alias": "Pass",
					"bucketAggs": [
						{
							"field": "timestamp",
							"id": "2",
							"settings": {
								"interval": "1d",
								"min_doc_count": 0,
								"trimEdges": 0
							},
							"type": "date_histogram"
						}
					],
					"metrics": [
						{
							"field": "l4_test_pass",
							"id": "1",
							"meta": {
								
							},
							"settings": {
								"missing": 0
							},
							"type": "avg"
						}
					],
					"query": "service_name:$service_name",
					"refId": "A",
					"timeField": "timestamp"
				},
				{
					"alias": "Fail",
					"bucketAggs": [
						{
							"field": "timestamp",
							"id": "2",
							"settings": {
								"interval": "1d",
								"min_doc_count": 0,
								"trimEdges": 0
							},
							"type": "date_histogram"
						}
					],
					"metrics": [
						{
							"field": "l4_test_fail",
							"id": "1",
							"meta": {
								
							},
							"settings": {
								"missing": 0
							},
							"type": "avg"
						}
					],
					"query": "service_name:$service_name",
					"refId": "B",
					"timeField": "timestamp"
				},
				{
					"alias": "Not run",
					"bucketAggs": [
						{
							"field": "timestamp",
							"id": "2",
							"settings": {
								"interval": "1d",
								"min_doc_count": 0,
								"trimEdges": 0
							},
							"type": "date_histogram"
						}
					],
					"metrics": [
						{
							"field": "l4_test_fail",
							"id": "1",
							"meta": {
								
							},
							"settings": {
								"missing": 0
							},
							"type": "avg"
						}
					],
					"query": "service_name:$service_name",
					"refId": "C",
					"timeField": "timestamp"
				}
			],
			"timeFrom": null,
			"timeShift": null,
			"title": "L4 - Latest Test Stats",
			"type": "grafana-piechart-panel",
			"valueName": "current"
		},
		{
			"cacheTimeout": null,
			"colorBackground": false,
			"colorPostfix": false,
			"colorPrefix": false,
			"colorValue": true,
			"colors": [
				"#299c46",
				"rgba(237, 129, 40, 0.89)",
				"#d44a3a"
			],
			"datasource": null,
			"decimals": 0,
			"format": "ms",
			"gauge": {
				"maxValue": 100,
				"minValue": 0,
				"show": false,
				"thresholdLabels": false,
				"thresholdMarkers": true
			},
			"gridPos": {
				"h": 5,
				"w": 12,
				"x": 12,
				"y": 49
			},
			"id": 28,
			"interval": null,
			"links": [],
			"mappingType": 1,
			"mappingTypes": [
				{
					"name": "value to text",
					"value": 1
				},
				{
					"name": "range to text",
					"value": 2
				}
			],
			"maxDataPoints": 100,
			"nullPointMode": "connected",
			"nullText": null,
			"pluginVersion": "6.7.4",
			"postfix": "",
			"postfixFontSize": "80%",
			"prefix": "",
			"prefixFontSize": "50%",
			"rangeMaps": [
				{
					"from": "null",
					"text": "N/A",
					"to": "null"
				}
			],
			"sparkline": {
				"fillColor": "rgba(31, 118, 189, 0.18)",
				"full": false,
				"lineColor": "rgb(31, 120, 193)",
				"show": false,
				"ymax": null,
				"ymin": null
			},
			"tableColumn": "",
			"targets": [
				{
					"bucketAggs": [
						{
							"field": "timestamp",
							"id": "2",
							"settings": {
								"interval": "1d",
								"min_doc_count": 0,
								"trimEdges": 0
							},
							"type": "date_histogram"
						}
					],
					"metrics": [
						{
							"field": "l4_avg_response_time",
							"id": "1",
							"meta": {
								
							},
							"settings": {
								
							},
							"type": "avg"
						}
					],
					"query": "service_name:$service_name",
					"refId": "A",
					"timeField": "timestamp"
				}
			],
			"thresholds": "",
			"timeFrom": null,
			"timeShift": null,
			"title": "L4 - Average Response Time",
			"type": "singlestat",
			"valueFontSize": "200%",
			"valueMaps": [
				{
					"op": "=",
					"text": "N/A",
					"value": "null"
				}
			],
			"valueName": "current"
		},
		{
			"aliasColors": {
				
			},
			"breakPoint": "50%",
			"cacheTimeout": null,
			"combine": {
				"label": "",
				"threshold": "0"
			},
			"datasource": null,
			"decimals": null,
			"fontSize": "70%",
			"format": "short",
			"gridPos": {
				"h": 5,
				"w": 12,
				"x": 0,
				"y": 54
			},
			"id": 24,
			"interval": null,
			"legend": {
				"header": "",
				"percentage": true,
				"percentageDecimals": null,
				"show": true,
				"sideWidth": null,
				"values": true
			},
			"legendType": "Right side",
			"links": [],
			"maxDataPoints": 3,
			"nullPointMode": "connected",
			"pieType": "donut",
			"pluginVersion": "6.7.4",
			"strokeWidth": "1",
			"targets": [
				{
					"alias": "Pass",
					"bucketAggs": [
						{
							"field": "timestamp",
							"id": "2",
							"settings": {
								"interval": "1d",
								"min_doc_count": 0,
								"trimEdges": 0
							},
							"type": "date_histogram"
						}
					],
					"metrics": [
						{
							"field": "l6_test_pass",
							"id": "1",
							"meta": {
								
							},
							"settings": {
								"missing": 0
							},
							"type": "avg"
						}
					],
					"query": "service_name:$service_name",
					"refId": "A",
					"timeField": "timestamp"
				},
				{
					"alias": "Fail",
					"bucketAggs": [
						{
							"field": "timestamp",
							"id": "2",
							"settings": {
								"interval": "1d",
								"min_doc_count": 0,
								"trimEdges": 0
							},
							"type": "date_histogram"
						}
					],
					"metrics": [
						{
							"field": "l6_test_fail",
							"id": "1",
							"meta": {
								
							},
							"settings": {
								"missing": 0
							},
							"type": "avg"
						}
					],
					"query": "service_name:$service_name",
					"refId": "B",
					"timeField": "timestamp"
				},
				{
					"alias": "Not run",
					"bucketAggs": [
						{
							"field": "timestamp",
							"id": "2",
							"settings": {
								"interval": "1d",
								"min_doc_count": 0,
								"trimEdges": 0
							},
							"type": "date_histogram"
						}
					],
					"metrics": [
						{
							"field": "l6_test_notrun",
							"id": "1",
							"meta": {
								
							},
							"settings": {
								"missing": 0
							},
							"type": "avg"
						}
					],
					"query": "service_name:$service_name",
					"refId": "C",
					"timeField": "timestamp"
				}
			],
			"timeFrom": null,
			"timeShift": null,
			"title": "L6 - Latest Test Stats",
			"type": "grafana-piechart-panel",
			"valueName": "current"
		},
		{
			"cacheTimeout": null,
			"colorBackground": false,
			"colorPostfix": false,
			"colorPrefix": false,
			"colorValue": true,
			"colors": [
				"#299c46",
				"rgba(237, 129, 40, 0.89)",
				"#d44a3a"
			],
			"datasource": null,
			"decimals": 0,
			"format": "ms",
			"gauge": {
				"maxValue": 100,
				"minValue": 0,
				"show": false,
				"thresholdLabels": false,
				"thresholdMarkers": true
			},
			"gridPos": {
				"h": 5,
				"w": 12,
				"x": 12,
				"y": 54
			},
			"id": 29,
			"interval": null,
			"links": [],
			"mappingType": 1,
			"mappingTypes": [
				{
					"name": "value to text",
					"value": 1
				},
				{
					"name": "range to text",
					"value": 2
				}
			],
			"maxDataPoints": 100,
			"nullPointMode": "connected",
			"nullText": null,
			"pluginVersion": "6.7.4",
			"postfix": "",
			"postfixFontSize": "80%",
			"prefix": "",
			"prefixFontSize": "50%",
			"rangeMaps": [
				{
					"from": "null",
					"text": "N/A",
					"to": "null"
				}
			],
			"sparkline": {
				"fillColor": "rgba(31, 118, 189, 0.18)",
				"full": false,
				"lineColor": "rgb(31, 120, 193)",
				"show": false,
				"ymax": null,
				"ymin": null
			},
			"tableColumn": "",
			"targets": [
				{
					"bucketAggs": [
						{
							"field": "timestamp",
							"id": "2",
							"settings": {
								"interval": "1d",
								"min_doc_count": 0,
								"trimEdges": 0
							},
							"type": "date_histogram"
						}
					],
					"metrics": [
						{
							"field": "l6_avg_response_time",
							"id": "1",
							"meta": {
								
							},
							"settings": {
								
							},
							"type": "avg"
						}
					],
					"query": "service_name:$service_name",
					"refId": "A",
					"timeField": "timestamp"
				}
			],
			"thresholds": "",
			"timeFrom": null,
			"timeShift": null,
			"title": "L6 - Average Response Time",
			"type": "singlestat",
			"valueFontSize": "200%",
			"valueMaps": [
				{
					"op": "=",
					"text": "N/A",
					"value": "null"
				}
			],
			"valueName": "current"
		},
		{
			"content": "<h3><center>Build Information</h3>",
			"datasource": null,
			"gridPos": {
				"h": 2,
				"w": 24,
				"x": 0,
				"y": 59
			},
			"id": 19,
			"mode": "html",
			"timeFrom": null,
			"timeShift": null,
			"title": "",
			"type": "text"
		},
		{
			"columns": [
				{
					"text": "build_number",
					"value": "build_number"
				},
				{
					"text": "branch",
					"value": "branch"
				},
				{
					"text": "started_by",
					"value": "started_by"
				},
				{
					"text": "is_load_master",
					"value": "is_load_master"
				},
				{
					"text": "artifact",
					"value": "artifact"
				},
				{
					"text": "timestamp",
					"value": "timestamp"
				},
				{
					"text": "revision",
					"value": "revision"
				},
				{
					"text": "quality_gate",
					"value": "quality_gate"
				},
				{
					"text": "build",
					"value": "build"
				}
			],
			"datasource": "Elasticsearch",
			"description": "",
			"fontSize": "80%",
			"gridPos": {
				"h": 9,
				"w": 24,
				"x": 0,
				"y": 61
			},
			"id": 2,
			"pageSize": 5,
			"repeat": null,
			"repeatDirection": null,
			"showHeader": true,
			"sort": {
				"col": null,
				"desc": false
			},
			"styles": [
				{
					"alias": "Date",
					"align": "left",
					"dateFormat": "MM/DD/YY h:mm:ss a",
					"pattern": "timestamp",
					"type": "date"
				},
				{
					"alias": "Build #",
					"align": "auto",
					"colorMode": null,
					"colors": [
						"rgba(245, 54, 54, 0.9)",
						"rgba(237, 129, 40, 0.89)",
						"rgba(50, 172, 45, 0.97)"
					],
					"dateFormat": "YYYY-MM-DD HH:mm:ss",
					"decimals": 0,
					"mappingType": 1,
					"pattern": "build_number",
					"thresholds": [],
					"type": "number",
					"unit": "short"
				},
				{
					"alias": "Branch Name",
					"align": "auto",
					"colorMode": null,
					"colors": [
						"rgba(245, 54, 54, 0.9)",
						"rgba(237, 129, 40, 0.89)",
						"rgba(50, 172, 45, 0.97)"
					],
					"dateFormat": "YYYY-MM-DD HH:mm:ss",
					"decimals": null,
					"mappingType": 1,
					"pattern": "branch",
					"thresholds": [],
					"type": "number",
					"unit": "short"
				},
				{
					"alias": "Started By",
					"align": "auto",
					"colorMode": null,
					"colors": [
						"rgba(245, 54, 54, 0.9)",
						"rgba(237, 129, 40, 0.89)",
						"rgba(50, 172, 45, 0.97)"
					],
					"dateFormat": "YYYY-MM-DD HH:mm:ss",
					"decimals": null,
					"mappingType": 1,
					"pattern": "started_by",
					"thresholds": [],
					"type": "number",
					"unit": "short"
				},
				{
					"alias": "Load Master",
					"align": "auto",
					"colorMode": null,
					"colors": [
						"rgba(245, 54, 54, 0.9)",
						"rgba(237, 129, 40, 0.89)",
						"rgba(50, 172, 45, 0.97)"
					],
					"dateFormat": "YYYY-MM-DD HH:mm:ss",
					"decimals": null,
					"mappingType": 1,
					"pattern": "is_load_master",
					"thresholds": [],
					"type": "number",
					"unit": "short"
				},
				{
					"alias": "Artifact ID",
					"align": "auto",
					"colorMode": null,
					"colors": [
						"rgba(245, 54, 54, 0.9)",
						"rgba(237, 129, 40, 0.89)",
						"rgba(50, 172, 45, 0.97)"
					],
					"dateFormat": "YYYY-MM-DD HH:mm:ss",
					"decimals": null,
					"mappingType": 1,
					"pattern": "artifact",
					"thresholds": [],
					"type": "number",
					"unit": "short"
				},
				{
					"alias": "Revison",
					"align": "auto",
					"colorMode": null,
					"colors": [
						"rgba(245, 54, 54, 0.9)",
						"rgba(237, 129, 40, 0.89)",
						"rgba(50, 172, 45, 0.97)"
					],
					"dateFormat": "YYYY-MM-DD HH:mm:ss",
					"decimals": null,
					"mappingType": 1,
					"pattern": "revision",
					"thresholds": [],
					"type": "number",
					"unit": "short"
				},
				{
					"alias": "Quality Gate",
					"align": "auto",
					"colorMode": null,
					"colors": [
						"rgba(245, 54, 54, 0.9)",
						"rgba(237, 129, 40, 0.89)",
						"rgba(50, 172, 45, 0.97)"
					],
					"dateFormat": "YYYY-MM-DD HH:mm:ss",
					"decimals": null,
					"mappingType": 1,
					"pattern": "quality_gate",
					"thresholds": [],
					"type": "number",
					"unit": "short"
				},
				{
					"alias": "Build Status",
					"align": "auto",
					"colorMode": null,
					"colors": [
						"rgba(245, 54, 54, 0.9)",
						"rgba(237, 129, 40, 0.89)",
						"rgba(50, 172, 45, 0.97)"
					],
					"dateFormat": "YYYY-MM-DD HH:mm:ss",
					"decimals": 2,
					"mappingType": 1,
					"pattern": "build",
					"thresholds": [],
					"type": "number",
					"unit": "short"
				},
				{
					"alias": "",
					"align": "left",
					"colorMode": "value",
					"colors": [
						"#73BF69",
						"rgba(237, 129, 40, 0.89)",
						"rgba(245, 54, 54, 0.9)"
					],
					"decimals": 2,
					"mappingType": 1,
					"pattern": "/.*/",
					"preserveFormat": false,
					"thresholds": [
						"SUCCESS"
					],
					"type": "string",
					"unit": "short"
				}
			],
			"targets": [
				{
					"bucketAggs": [],
					"metrics": [
						{
							"field": "select field",
							"id": "1",
							"meta": {
								
							},
							"settings": {
								"size": 500
							},
							"type": "raw_document"
						}
					],
					"query": "service_name:$service_name",
					"refId": "A",
					"timeField": "timestamp"
				}
			],
			"timeFrom": "100d",
			"timeShift": null,
			"title": "Jenkins",
			"transform": "json",
			"type": "table"
		}
	],
	"refresh": false,
	"schemaVersion": 22,
	"style": "dark",
	"tags": [],
	"templating": {
		"list": [
			{
				"allValue": null,
				"current": {
					"selected": true,
					"tags": [],
					"text": "HsValidationService",
					"value": "HsValidationService"
				},
				"hide": 0,
				"includeAll": false,
				"label": "Service Name",
				"multi": false,
				"name": "service_name",
				"options": [
					{
						"selected": false,
						"text": "EdtDetailLookupService",
						"value": "EdtDetailLookupService"
					},
					{
						"selected": true,
						"text": "HsValidationService",
						"value": "HsValidationService"
					},
					{
						"selected": false,
						"text": "HsSearchService",
						"value": "HsSearchService"
					}
				],
				"query": "EdtDetailLookupService,HsValidationService,HsSearchService",
				"skipUrlSync": false,
				"type": "custom"
			},
			{
				"allValue": null,
				"current": {
					"text": "artifact",
					"value": "artifact"
				},
				"datasource": "Elasticsearch",
				"definition": "{\"find\": \"fields\", \"type\": \"text\"}",
				"hide": 2,
				"includeAll": false,
				"index": -1,
				"label": null,
				"multi": false,
				"name": "indextypes",
				"options": [
					{
						"selected": true,
						"text": "artifact",
						"value": "artifact"
					},
					{
						"selected": false,
						"text": "branch",
						"value": "branch"
					},
					{
						"selected": false,
						"text": "build",
						"value": "build"
					},
					{
						"selected": false,
						"text": "environment",
						"value": "environment"
					},
					{
						"selected": false,
						"text": "find_merge_requests",
						"value": "find_merge_requests"
					},
					{
						"selected": false,
						"text": "is_load_master",
						"value": "is_load_master"
					},
					{
						"selected": false,
						"text": "l1_approval",
						"value": "l1_approval"
					},
					{
						"selected": false,
						"text": "l1_deployment",
						"value": "l1_deployment"
					},
					{
						"selected": false,
						"text": "l2_approval",
						"value": "l2_approval"
					},
					{
						"selected": false,
						"text": "l2_deployment",
						"value": "l2_deployment"
					},
					{
						"selected": false,
						"text": "l3_approval",
						"value": "l3_approval"
					},
					{
						"selected": false,
						"text": "l3_deployment",
						"value": "l3_deployment"
					},
					{
						"selected": false,
						"text": "l4_approval",
						"value": "l4_approval"
					},
					{
						"selected": false,
						"text": "l4_deployment",
						"value": "l4_deployment"
					},
					{
						"selected": false,
						"text": "l6_approval",
						"value": "l6_approval"
					},
					{
						"selected": false,
						"text": "l6_deployment",
						"value": "l6_deployment"
					},
					{
						"selected": false,
						"text": "nexus_url",
						"value": "nexus_url"
					},
					{
						"selected": false,
						"text": "project_key",
						"value": "project_key"
					},
					{
						"selected": false,
						"text": "quality_gate",
						"value": "quality_gate"
					},
					{
						"selected": false,
						"text": "revision",
						"value": "revision"
					},
					{
						"selected": false,
						"text": "service_name",
						"value": "service_name"
					},
					{
						"selected": false,
						"text": "sonar_proj_url",
						"value": "sonar_proj_url"
					},
					{
						"selected": false,
						"text": "sonar_url",
						"value": "sonar_url"
					},
					{
						"selected": false,
						"text": "started_by",
						"value": "started_by"
					}
				],
				"query": "{\"find\": \"fields\", \"type\": \"text\"}",
				"refresh": 0,
				"regex": "",
				"skipUrlSync": false,
				"sort": 0,
				"tagValuesQuery": "",
				"tags": [],
				"tagsQuery": "",
				"type": "query",
				"useTags": false
			}
		]
	},
	"time": {
		"from": "now-7d",
		"to": "now"
	},
	"timepicker": {
		"refresh_intervals": [
			"5s",
			"10s",
			"30s",
			"1m",
			"5m",
			"15m",
			"30m",
			"1h",
			"2h",
			"1d"
		]
	},
	"timezone": "",
	"title": "TradeTools",
	"uid": "QRV6uPMGk",
	"variables": {
		"list": []
	},
	"version": 68
}