{
	"service_name": "",
	"domain": "",
	"eai": 3531590,
	"started_by": "",
	"is_load_master": "",
	"build_number": 100,
	"build_type":"",
	"environment": "",
	"artifact": "",
	"timestamp": "",
	"find_merge_requests": "",
	"branch": "",
	"revision": "",
	"build": "",
	"project_key": "",
	"sonar_proj_url": "",
	"sonar_url": "",
	"nexus_url": "",
	"quality_gate": "",
	"ncloc": 100,
	"complexity": 100,
	"bugs": 101,
	"new_bugs": 100,
	"vulnerabilities": 101,
	"new_vulnerabilities": 101,
	"SMELL_DEBT": 101,
	"new_technical_debt": 101,
	"code_smell": 100,
	"new_code_smell": 101,
	"duplicated_lines_density": 100.0,
	"duplicated_blocks": 100,
	"new_duplicated_blocks": 100,
	"coverage": 100.0,
	"fortify_total": 400,
	"fortify_critical": 100,
	"fortify_high": 100,
	"fortify_medium": 100,
	"fortify_low": 100,
	"l1_env": "L1",
	"l1_started_by": "",
	"l1_load_master": "",
	"l1_build_number": 100,
	"l1_timestamp": "",
	"l1_deploy_status": "",
	"l1_test_status": "",
	"l1_approval": "",
	"l1_deployment": "",
	"l1_test_pass": 7,
	"l1_test_fail": 2,
	"l1_test_notrun": 1,
	"l1_test_total": 10,
	"l1_avg_response_time": 100,
	"l2_env": "L2",
	"l2_started_by": "",
	"l2_load_master": "",
	"l2_build_number": 100,
	"l2_timestamp": "",
	"l2_deploy_status": "",
	"l2_test_status": "",
	"l2_approval": "",
	"l2_deployment": "",
	"l2_test_pass": 6,
	"l2_test_fail": 1,
	"l2_test_notrun": 3,
	"l2_test_total": 10,
	"l2_avg_response_time": 100,
	"l3_env": "L3",
	"l3_started_by": "",
	"l3_load_master": "",
	"l3_build_number": 100,
	"l3_timestamp": "",
	"l3_deploy_status": "",
	"l3_test_status": "",
	"l3_approval": "",
	"l3_deployment": "",
	"l3_test_pass": 5,
	"l3_test_fail": 5,
	"l3_test_notrun": 0,
	"l3_test_total": 10,
	"l3_avg_response_time": 100,
	"l4_env": "L4",
	"l4_started_by": "",
	"l4_load_master": "",
	"l4_build_number": 100,
	"l4_timestamp": "",
	"l4_deploy_status": "",
	"l4_test_status": "",
	"l4_approval": "",
	"l4_deployment": "",
	"l4_test_pass": 3,
	"l4_test_fail": 5,
	"l4_test_notrun": 2,
	"l4_test_total": 10,
	"l4_avg_response_time": 100,
	"l6_env": "L6",
	"l6_started_by": "",
	"l6_load_master": "",
	"l6_build_number": 100,
	"l6_timestamp": "",
	"l6_deploy_status": "",
	"l6_test_status": "",
	"l6_approval": "",
	"l6_deployment": "",
	"l6_test_pass": 7,
	"l6_test_fail": 0,
	"l6_test_notrun": 3,
	"l6_test_total": 10,
	"l6_avg_response_time": 100
}