{
	"service_name": "HsSearchService",
	"domain": "HsServices",
	"eai": 3531590,
	"started_by": "Pravin Parbat (OSV)",
	"is_load_master": "Pravin Parbat (OSV)",
	"master_build_number": 100,
	"environment": "L1",
	"artifact": "HsSearchService-2020.6.100",
	"timestamp": "2020-07-08T15:43:28.117000+0530",
	"find_merge_requests": "false",
	"branch": "HsSearchService-1.0-RELEASE",
	"revision": "777c11f4ec269508fb974ab72831a325e40b9b2a100",
	"build": "SUCCESS",
	"project_key": "HsSearchService-3531590",
	"sonar_proj_url": "https://sonar.prod.cloud.fedex.com:9443/dashboard?id=edtdetaillookupservice-3531590",
	"sonar_url": "https://sonar.prod.cloud.fedex.com:9443",
	"nexus_url": "https://nexus.prod.cloud.fedex.com:8443/nexus/repository/",
	"quality_gate": "Red (was Green)",
	"ncloc": 100,
	"complexity": 100,
	"bugs": 101,
	"new_bugs": 100,
	"vulnerabilities": 101,
	"new_vulnerabilities": 101,
	"SMELL_DEBT": 101,
	"new_technical_debt": 101,
	"code_smell": 100,
	"new_code_smell": 101,
	"duplicated_lines_density": 100.0,
	"duplicated_blocks": 100,
	"new_duplicated_blocks": 100,
	"coverage": 100.0,
	"fortify_total": 400,
	"fortify_critical": 100,
	"fortify_high": 100,
	"fortify_medium": 100,
	"fortify_low": 100,
	"l1_env": "L1",
	"l1_build_number": 100,
	"l1_approval": "Pravin Parbat (OSV)",
	"l1_deployment": "Pravin Parbat (OSV)",
	"l1_test_pass": 7,
	"l1_test_fail": 2,
	"l1_test_notrun": 1,
	"l1_test_total": 10,
	"l1_avg_response_time": 100.0,
	"l2_env": "L2",
	"l2_build_number": 100,
	"l2_approval": "Pravin Parbat (OSV)",
	"l2_deployment": "Pravin Parbat (OSV)",
	"l2_test_pass": 6,
	"l2_test_fail": 1,
	"l2_test_notrun": 3,
	"l2_test_total": 10,
	"l2_avg_response_time": 100.0,
	"l3_env": "L3",
	"l3_build_number": 100,
	"l3_approval": "Pravin Parbat (OSV)",
	"l3_deployment": "Pravin Parbat (OSV)",
	"l3_test_pass": 5,
	"l3_test_fail": 5,
	"l3_test_notrun": 0,
	"l3_test_total": 10,
	"l3_avg_response_time": 100.0,
	"l4_env": "L4",
	"l4_build_number": 100,
	"l4_approval": "Pravin Parbat (OSV)",
	"l4_deployment": "Pravin Parbat (OSV)",
	"l4_test_pass": 3,
	"l4_test_fail": 5,
	"l4_test_notrun": 2,
	"l4_test_total": 10,
	"l4_avg_response_time": 100.0,
	"l6_env": "L6",
	"l6_build_number": 100,
	"l6_approval": "Pravin Parbat (OSV)",
	"l6_deployment": "Pravin Parbat (OSV)",
	"l6_test_pass": 7,
	"l6_test_fail": 0,
	"l6_test_notrun": 3,
	"l6_test_total": 10,
	"l6_avg_response_time": 100.0
}