{
	"service_name": "edtdetaillookupservice",
	"eai": 3531590,
	"started_by": "Pravin Parbat (OSV)",
	"is_load_master": "Pravin Parbat (OSV)",
	"build_number": 0,
	"environment": "L1",
	"artifact": "edt-detail-lookup-service-2020.6.count",
	"timestamp": "2020-07-04.21-55-04",
	"find_merge_requests": "false",
	"branch": "EdtDetailLookup-1.0-RELEASE",
	"revision": "777c11f4ec269508fb974ab72831a325e40b9b2a0",
	"build": "SUCCESS",
	"project_key": "edtdetaillookupservice-3531590",
	"sonar_proj_url": "https://sonar.prod.cloud.fedex.com:9443/dashboard?id=edtdetaillookupservice-3531590",
	"sonar_url": "https://sonar.prod.cloud.fedex.com:9443",
	"nexus_url": "https://nexus.prod.cloud.fedex.com:8443/nexus/repository/",
	"quality_gate": "Red (was Green)",
	"ncloc": 0,
	"complexity": 0,
	"bugs": 0,
	"new_bugs": 1,
	"vulnerabilities": 1,
	"new_vulnerabilities": 1,
	"SMELL_DEBT": 0,
	"new_technical_debt": 0,
	"code_smell": 1,
	"new_code_smell": 1,
	"duplicated_lines_density": 0.0,
	"duplicated_blocks": 1,
	"new_duplicated_blocks": 0,
	"coverage": 0.0,
	"fortify_total": 0,
	"fortify_critical": 0,
	"fortify_high": 0,
	"fortify_medium": 0,
	"fortify_low": 0,
	"l1_approval": "Pravin Parbat (OSV)",
	"l1_deployment": "Pravin Parbat (OSV)",
	"l1_test_pass": 10,
	"l1_test_fail": 0,
	"l1_test_notrun": 0,
	"l1_test_total": 10,
	"l1_avg_response_time": 0.0,
	"l2_approval": "Pravin Parbat (OSV)",
	"l2_deployment": "Pravin Parbat (OSV)",
	"l2_test_pass": 10,
	"l2_test_fail": 0,
	"l2_test_notrun": 0,
	"l2_test_total": 10,
	"l2_avg_response_time": 0.0,
	"l3_approval": "Pravin Parbat (OSV)",
	"l3_deployment": "Pravin Parbat (OSV)",
	"l3_test_pass": 10,
	"l3_test_fail": 0,
	"l3_test_notrun": 0,
	"l3_test_total": 10,
	"l3_avg_response_time": 0.0,
	"l4_approval": "Pravin Parbat (OSV)",
	"l4_deployment": "Pravin Parbat (OSV)",
	"l4_test_pass": 10,
	"l4_test_fail": 0,
	"l4_test_notrun": 0,
	"l4_test_total": 10,
	"l4_avg_response_time": 0.0,
	"l6_approval": "Pravin Parbat (OSV)",
	"l6_deployment": "Pravin Parbat (OSV)",
	"l6_test_pass": 10,
	"l6_test_fail": 0,
	"l6_test_notrun": 0,
	"l6_test_total": 10,
	"l6_avg_response_time": 0.0
}
